Touchdata_id,accx,accy,accz,color,completionPerc,event_index,fingerId,time,touchPhase,x,y,zone
1,-0.0011138916,0.00920105,-1.00032043,RedDefault,0.0,0,0,27.5360451,Began,1467.0,244.999969,Wall
1,-0.0011138916,0.00920105,-1.00032043,RedDefault,0.421940923,1,0,27.569376,Moved,1456.0,247.999969,Wall
1,-0.00242614746,0.008026123,-1.000885,RedDefault,0.843881845,2,0,27.6027088,Moved,1354.0,268.000031,Wall
1,-0.00358581543,0.008361816,-1.0007019,RedDefault,1.26582277,3,0,27.63604,Moved,1179.0,291.0,Wall
1,-0.00358581543,0.008361816,-1.0007019,RedDefault,1.68776369,4,0,27.66937,Moved,1016.0,306.0,Door
1,-0.0006866455,0.008087158,-1.0014801,RedDefault,2.10970473,5,0,27.7027016,Moved,960.0,313.000031,Wall
1,-0.0006866455,0.008087158,-1.0014801,RedDefault,2.53164554,6,0,27.7360344,Moved,1036.0,304.000031,Door
1,-0.00308227539,0.009277344,-1.000885,RedDefault,2.95358658,7,0,27.7693653,Moved,1212.0,276.0,Wall
1,-0.002670288,0.009384155,-1.0007019,RedDefault,3.37552738,8,0,27.8026962,Moved,1350.0,259.999969,Wall
1,-0.002670288,0.009384155,-1.0007019,RedDefault,3.79746819,9,0,27.8360271,Moved,1388.0,252.0,Wall
1,-0.00254821777,0.00920105,-1.001648,RedDefault,4.21940947,10,0,27.8693581,Moved,1339.0,252.0,Wall
1,-0.00219726563,0.007217407,-1.00021362,RedDefault,4.21940947,11,0,27.90269,Moved,1124.0,277.000031,Door
1,-0.00219726563,0.007217407,-1.00021362,RedDefault,4.64135027,12,0,27.9360218,Moved,933.0,294.0,Wall
1,-0.000335693359,0.008529663,-1.002243,RedDefault,5.063291,13,0,27.9693527,Moved,929.0,292.999969,Wall
1,-0.000335693359,0.008529663,-1.002243,RedDefault,5.48523235,14,0,28.0026836,Moved,1111.0,259.000031,Door
1,-0.00190734863,0.008834839,-0.999649048,RedDefault,5.907173,15,0,28.0360165,Moved,1377.0,213.0,Wall
1,-0.0043182373,0.009963989,-1.00163269,RedDefault,5.907173,16,0,28.0693474,Moved,1487.0,190.000031,Bound
1,-0.0043182373,0.009963989,-1.00163269,RedDefault,5.907173,17,0,28.1026783,Moved,1432.0,196.999969,Wall
1,-0.00407409668,0.009246826,-1.00189209,RedDefault,5.907173,18,0,28.13601,Moved,1207.0,247.999969,Wall
1,-0.000442504883,0.00799560547,-1.00222778,RedDefault,6.329114,19,0,28.16934,Moved,952.0,285.0,Wall
1,-0.000442504883,0.00799560547,-1.00222778,RedDefault,6.751055,20,0,28.202673,Moved,875.0,292.000031,Wall
1,9.15527344e-05,0.00778198242,-1.00128174,RedDefault,7.17299557,21,0,28.2360039,Moved,945.0,280.999969,Wall
1,-0.000747680664,0.00776672363,-0.999542236,RedDefault,7.17299557,22,0,28.2693348,Moved,1208.0,259.000031,Wall
1,-0.00373840332,0.00843811,-1.00056458,RedDefault,7.59493637,23,0,28.3026657,Moved,1435.0,235.000031,Wall
1,-0.00422668457,0.0104370117,-1.00010681,RedDefault,8.016877,24,0,28.3359985,Moved,1465.0,231.0,Wall
1,-0.00286865234,0.009185791,-0.9976654,RedDefault,8.016877,25,0,28.36933,Moved,1326.0,247.999969,Wall
1,-0.0007019043,0.008544922,-0.998504639,RedDefault,8.438819,26,0,28.40266,Moved,1035.0,268.000031,Door
1,-0.00103759766,0.007522583,-1.00027466,RedDefault,8.438819,27,0,28.4359913,Moved,747.0,271.000031,Wall
1,-0.00141906738,0.008041382,-1.00134277,RedDefault,8.86076,28,0,28.4693222,Moved,676.0,270.0,Wall
1,-0.00262451172,0.007965088,-1.00119019,RedDefault,9.282701,29,0,28.502655,Moved,751.0,252.0,Wall
1,-0.00263977051,0.00970459,-1.00114441,RedDefault,9.704641,30,0,28.5359859,Moved,996.0,250.999969,Door
1,-0.00244140625,0.0102844238,-1.00115967,RedDefault,10.1265821,31,0,28.5693169,Moved,1266.0,241.999969,Wall
1,-0.00289917,0.00958251953,-0.999588,RedDefault,10.5485229,32,0,28.6026478,Moved,1374.0,238.000031,Wall
1,-0.00100708008,0.008148193,-0.9991455,RedDefault,10.5485229,33,0,28.6359787,Moved,1366.0,238.000031,Wall
1,-0.001663208,0.00869751,-1.00714111,RedDefault,10.5485229,34,0,28.6693115,Moved,1128.0,264.0,Door
1,-0.00277709961,0.009414673,-1.00361633,RedDefault,10.9704647,35,0,28.7026424,Moved,816.0,286.000031,Wall
1,-0.0025177002,0.009506226,-1.00175476,RedDefault,11.3924046,36,0,28.7359734,Moved,695.0,301.999969,Wall
1,-0.00248718262,0.008560181,-1.000885,RedDefault,11.8143463,37,0,28.7693043,Moved,748.0,307.000031,Wall
1,-0.00233459473,0.008148193,-1.00248718,RedDefault,12.2362871,38,0,28.8026371,Moved,1017.0,313.000031,Door
1,-0.00151062012,0.008834839,-1.001297,RedDefault,12.2362871,39,0,28.835968,Moved,1302.0,312.0,Wall
1,-0.00218200684,0.007659912,-1.00039673,RedDefault,12.6582279,40,0,28.8692989,Moved,1457.0,306.0,Wall
1,-0.00152587891,0.008361816,-0.9981842,RedDefault,13.08017,41,0,28.90263,Moved,1452.0,312.0,Wall
1,-0.00321960449,0.009552002,-0.9983368,RedDefault,13.50211,42,0,28.93596,Moved,1236.0,372.0,Wall
1,-0.0032043457,0.009399414,-1.00398254,RedDefault,13.92405,43,0,28.9692936,Moved,901.0,409.999969,Wall
1,-0.002960205,0.008666992,-1.00111389,RedDefault,14.3459911,44,0,29.0026245,Moved,733.0,414.0,Wall
1,-0.0025177002,0.008056641,-1.00061035,RedDefault,14.7679329,45,0,29.0359554,Moved,760.0,417.0,Wall
1,-0.00135803223,0.007461548,-1.002594,RedDefault,15.1898727,46,0,29.0692863,Moved,995.0,418.999969,Door
1,-0.000457763672,0.00793457,-1.00028992,RedDefault,15.6118135,47,0,29.10262,Moved,1288.0,411.0,Wall
1,-0.00177001953,0.009994507,-0.99961853,RedDefault,16.0337543,48,0,29.13595,Moved,1532.0,385.999969,Outside
1,-0.00309753418,0.0107421875,-0.9994812,RedDefault,16.0337543,49,0,29.169281,Moved,1562.0,382.000031,Outside
1,-0.00453186035,0.009140015,-1.00045776,RedDefault,16.0337543,50,0,29.2026119,Moved,1287.0,438.0,Wall
1,-0.002380371,0.007385254,-1.00288391,RedDefault,16.4556961,51,0,29.2359428,Moved,911.0,478.000031,Wall
1,-0.000869751,0.007461548,-1.00219727,RedDefault,16.8776379,52,0,29.2692757,Moved,718.0,493.000031,Wall
1,-0.000762939453,0.008987427,-1.00161743,RedDefault,17.2995777,53,0,29.3026066,Moved,750.0,501.0,Wall
1,-0.00207519531,0.0100402832,-1.00204468,RedDefault,17.72152,54,0,29.3359375,Moved,1032.0,502.999969,Door
1,-0.002670288,0.009613037,-1.00196838,RedDefault,18.14346,55,0,29.3692684,Moved,1397.0,472.000031,Wall
1,-0.00141906738,0.008102417,-1.00112915,RedDefault,18.5654011,56,0,29.4026,Moved,1576.0,444.0,Outside
1,-0.00160217285,0.007858276,-1.00109863,RedDefault,18.5654011,57,0,29.4359322,Moved,1466.0,484.000031,Wall
1,-0.00291442871,0.008560181,-0.9967499,RedDefault,18.98734,58,0,29.4692631,Moved,1116.0,555.0,Wall
1,-0.00189208984,0.008972168,-1.0,RedDefault,19.4092827,59,0,29.502594,Moved,767.0,589.0,Wall
1,-0.003540039,0.009124756,-1.00143433,RedDefault,19.8312244,60,0,29.5359249,Moved,701.0,606.0,Wall
1,-0.000396728516,0.0078125,-1.001648,RedDefault,20.2531643,61,0,29.5692577,Moved,946.0,631.0,Wall
1,0.000381469727,0.007171631,-1.00086975,RedDefault,20.6751041,62,0,29.6025887,Moved,1349.0,616.0,Wall
1,0.000366210938,0.007873535,-0.999542236,RedDefault,21.0970459,63,0,29.63592,Moved,1539.0,593.0,Outside
1,-0.00346374512,0.009857178,-0.997207642,RedDefault,21.0970459,64,0,29.66925,Moved,1399.0,643.0,Wall
1,-0.00531005859,0.0109863281,-0.9996948,RedDefault,21.5189877,65,0,29.7025814,Moved,1051.0,696.0,Wall
1,-0.00283813477,0.009567261,-1.00003052,RedDefault,21.94093,66,0,29.7359142,Moved,747.0,714.0,Wall
1,-0.002105713,0.00793457,-1.00064087,RedDefault,22.36287,67,0,29.7692451,Moved,727.0,719.0,Wall
1,0.0004272461,0.00611877441,-1.000061,RedDefault,22.78481,68,0,29.8025761,Moved,932.0,719.0,Wall
1,0.0002746582,0.008148193,-1.00120544,RedDefault,23.20675,69,0,29.835907,Moved,1298.0,702.0,Wall
1,-0.002166748,0.010055542,-1.00012207,RedDefault,23.6286926,70,0,29.86924,Moved,1573.0,672.0,Outside
1,-0.006790161,0.0113067627,-1.00151062,RedDefault,23.6286926,71,0,29.90257,Moved,1529.0,682.0,Outside
1,-0.00366210938,0.0103149414,-1.00288391,RedDefault,23.6286926,72,0,29.9359016,Moved,1159.0,742.0,Wall
1,-0.003540039,0.007583618,-1.00149536,RedDefault,24.0506344,73,0,29.9692326,Moved,765.0,774.0,Wall
1,-0.00271606445,0.007797241,-1.00476074,RedDefault,24.4725742,74,0,30.0025635,Moved,649.0,779.000061,Outside
1,-0.0009765625,0.009490967,-1.00704956,RedDefault,24.8945141,75,0,30.0358963,Moved,780.0,773.000061,Wall
1,7.62939453e-05,0.009994507,-1.00296021,RedDefault,25.3164558,76,0,30.0692272,Moved,1154.0,766.0,Wall
1,-0.00100708008,0.0101776123,-1.00067139,RedDefault,25.7383976,77,0,30.1025581,Moved,1560.0,725.0,Outside
1,-0.00682067871,0.0108947754,-1.00112915,RedDefault,25.7383976,78,0,30.13589,Moved,1605.0,731.0,Outside
1,-0.00553894043,0.009613037,-1.00398254,RedDefault,25.7383976,79,0,30.16922,Moved,1390.0,794.000061,Wall
1,-0.00326538086,0.007583618,-1.00013733,RedDefault,26.16034,80,0,30.2025528,Moved,998.0,852.999939,Roof
1,-0.00048828125,0.007095337,-1.00105286,RedDefault,26.58228,81,0,30.2358837,Moved,680.0,864.0,Roof
1,0.00112915039,0.008163452,-1.00050354,RedDefault,27.00422,82,0,30.2692146,Moved,650.0,872.000061,Roof
1,-0.0005340576,0.009597778,-1.00158691,RedDefault,27.4261589,83,0,30.3025455,Moved,940.0,887.000061,Roof
1,-0.00300598145,0.008804321,-1.00120544,RedDefault,27.8481,84,0,30.3358784,Moved,1373.0,882.999939,Roof
1,-0.00415039063,0.009338379,-0.999420166,RedDefault,28.2700424,85,0,30.36921,Moved,1683.0,839.000061,Outside
1,-0.00259399414,0.009414673,-0.9967804,RedDefault,28.2700424,86,0,30.40254,Moved,1651.0,848.000061,Outside
1,-0.0034942627,0.008224487,-0.9986725,RedDefault,28.2700424,87,0,30.4358711,Moved,1300.0,917.000061,Roof
1,-0.000442504883,0.00776672363,-0.9994049,RedDefault,28.6919823,88,0,30.469202,Moved,867.0,951.999939,Roof
1,-0.000640869141,0.008880615,-1.00144958,RedDefault,29.113924,89,0,30.5025349,Moved,677.0,960.0,Roof
1,-0.00120544434,0.008132935,-0.9998627,RedDefault,29.5358658,90,0,30.5358658,Moved,747.0,963.0,Roof
1,-0.003189087,0.008773804,-1.00100708,RedDefault,29.9578075,91,0,30.5691967,Moved,1097.0,963.0,Roof
1,-0.0029296875,0.009887695,-0.999099731,RedDefault,30.3797455,92,0,30.6025276,Moved,1510.0,927.999939,Roof
1,-0.00624084473,0.0104827881,-1.003006,RedDefault,30.8016872,93,0,30.63586,Moved,1658.0,903.999939,Outside
1,-0.00190734863,0.009719849,-1.00105286,RedDefault,30.8016872,94,0,30.6691914,Moved,1399.0,969.0,Roof
1,-0.00190734863,0.009719849,-1.00105286,RedDefault,31.2236271,95,0,30.7025223,Moved,908.0,1020.0,Roof
1,-0.0036315918,0.007888794,-1.00289917,RedDefault,31.6455688,96,0,30.7358532,Moved,601.0,1010.00006,Bound
1,-0.000900268555,0.008148193,-0.9901886,RedDefault,32.06751,97,0,30.7691841,Moved,615.0,1001.00006,Roof
1,-0.000900268555,0.008148193,-0.9901886,RedDefault,32.4894524,98,0,30.8025169,Moved,949.0,995.000061,Roof
1,0.000640869141,0.009033203,-1.00112915,RedDefault,32.9113922,99,0,30.8358479,Moved,1407.0,969.0,Roof
1,-0.00120544434,0.0107727051,-0.9990845,RedDefault,33.3333359,100,0,30.8691788,Moved,1718.0,923.000061,Outside
1,-0.00120544434,0.0107727051,-0.9990845,RedDefault,33.3333359,101,0,30.90251,Moved,1670.0,944.000061,Outside
1,-0.004501343,0.008377075,-1.00332642,RedDefault,33.3333359,102,0,30.9358425,Moved,1392.0,1026.0,Roof
1,-0.004501343,0.008377075,-1.00332642,RedDefault,33.7552757,103,0,30.9691734,Moved,1026.0,1085.0,Roof
1,-0.00123596191,0.007019043,-1.00396729,RedDefault,34.1772156,104,0,31.0025043,Moved,791.0,1091.0,Roof
1,-0.0018157959,0.0106658936,-1.00970459,RedDefault,34.5991554,105,0,31.0358353,Moved,826.0,1091.0,Roof
1,-0.0018157959,0.0106658936,-1.00970459,RedDefault,35.0210953,106,0,31.0691662,Moved,1152.0,1090.0,Roof
1,-0.00207519531,0.01071167,-1.00067139,RedDefault,35.44304,107,0,31.102499,Moved,1573.0,1068.0,Outside
1,-0.00424194336,0.009185791,-1.00175476,RedDefault,35.86498,108,0,31.13583,Moved,1655.0,1055.0,Outside
1,-0.00424194336,0.009185791,-1.00175476,RedDefault,35.86498,109,0,31.16916,Moved,1434.0,1099.0,Roof
1,-0.0050201416,0.009017944,-1.00128174,RedDefault,36.28692,110,0,31.2024918,Moved,1066.0,1128.0,Roof
1,-0.005569458,0.008270264,-1.00369263,RedDefault,36.7088623,111,0,31.2358227,Moved,785.0,1112.0,Roof
1,-0.00221252441,0.0087890625,-1.00028992,RedDefault,37.1308022,112,0,31.2691555,Moved,750.0,1098.0,Roof
1,0.00164794922,0.009155273,-0.9995575,RedDefault,37.552742,113,0,31.3024864,Moved,968.0,1091.0,Roof
1,0.00178527832,0.008422852,-1.00111389,RedDefault,37.97468,114,0,31.3358173,Moved,1320.0,1088.0,Roof
1,-0.00100708008,0.009124756,-1.00036621,RedDefault,38.3966255,115,0,31.3691483,Moved,1594.0,1055.0,Outside
1,-0.00314331055,0.0107574463,-0.998458862,RedDefault,38.3966255,116,0,31.4024811,Moved,1549.0,1057.0,Outside
1,-0.005340576,0.009963989,-1.00062561,RedDefault,38.8185654,117,0,31.435812,Moved,1230.0,1108.0,Roof
1,-0.00309753418,0.008529663,-1.00054932,RedDefault,39.2405052,118,0,31.4691429,Moved,882.0,1137.0,Roof
1,-0.000228881836,0.007461548,-1.00216675,RedDefault,39.66245,119,0,31.5024738,Moved,715.0,1143.0,Roof
1,-0.00109863281,0.007446289,-1.00379944,RedDefault,40.08439,120,0,31.5358047,Moved,714.0,1144.0,Roof
1,-0.00175476074,0.0105438232,-1.00445557,RedDefault,40.50633,121,0,31.5691376,Moved,957.0,1133.0,Roof
1,-0.00355529785,0.0111083984,-1.00010681,RedDefault,40.9282722,122,0,31.6024685,Moved,1332.0,1112.0,Roof
1,-0.00262451172,0.0106506348,-0.99760437,RedDefault,41.35021,123,0,31.6358,Moved,1448.0,1079.0,Roof
1,-0.00312805176,0.009475708,-1.001236,RedDefault,41.7721519,124,0,31.66913,Moved,1220.0,1075.0,Roof
1,-0.002960205,0.008514404,-1.00120544,RedDefault,42.19409,125,0,31.7024632,Moved,829.0,1066.0,Roof
1,-0.00268554688,0.008270264,-1.00128174,RedDefault,42.19409,126,0,31.7357941,Moved,576.0,1036.0,Outside
1,-0.00415039063,0.009796143,-1.00408936,RedDefault,42.19409,127,0,31.769125,Moved,528.0,1004.00006,Outside
1,-0.00241088867,0.009094238,-1.0017395,RedDefault,42.19409,128,0,31.8024559,Moved,728.0,944.000061,Roof
1,0.000122070313,0.008834839,-1.00146484,RedDefault,42.19409,129,0,31.8357868,Moved,1102.0,896.000061,Roof
1,-0.000778198242,0.008544922,-0.9998627,RedDefault,42.6160355,130,0,31.86912,Moved,1243.0,861.999939,Roof
1,-0.007751465,0.01121521,-1.006607,RedDefault,43.0379753,131,0,31.90245,Moved,1075.0,879.0,Roof
1,-0.006134033,0.01083374,-1.00131226,RedDefault,43.4599152,132,0,31.9357815,Moved,701.0,903.0,Roof
1,-0.00482177734,0.009292603,-0.999588,RedDefault,43.88186,133,0,31.9691124,Moved,445.0,903.0,Outside
1,-0.002670288,0.007873535,-1.00340271,RedDefault,43.88186,134,0,32.0024452,Moved,425.0,903.0,Outside
1,0.00126647949,0.00727844238,-1.00534058,RedDefault,43.88186,135,0,32.0357742,Moved,700.0,903.999939,Roof
1,0.00151062012,0.008682251,-1.000885,RedDefault,44.3038,136,0,32.0691071,Moved,1083.0,902.000061,Roof
1,-0.00227355957,0.009536743,-0.9999542,RedDefault,44.72574,137,0,32.10244,Moved,1283.0,885.999939,Roof
1,-0.007888794,0.0114593506,-1.00334167,RedDefault,45.14768,138,0,32.13577,Moved,1224.0,906.999939,Roof
1,-0.00540161133,0.0100097656,-0.997879,RedDefault,45.56962,139,0,32.1691,Moved,849.0,966.0,Roof
1,-0.002166748,0.008926392,-0.999801636,RedDefault,45.99156,140,0,32.20243,Moved,514.0,974.000061,Outside
1,-0.00315856934,0.0078125,-1.00299072,RedDefault,45.99156,141,0,32.2357635,Moved,455.0,962.000061,Outside
1,-0.000289917,0.007217407,-0.9989624,RedDefault,45.99156,142,0,32.2690964,Moved,728.0,930.999939,Roof
1,0.0001373291,0.009170532,-1.000534,RedDefault,45.99156,143,0,32.3024254,Moved,1085.0,873.999939,Roof
1,-0.00241088867,0.0100250244,-1.0009613,RedDefault,46.4135,144,0,32.33576,Moved,1419.0,782.000061,Wall
1,-0.00315856934,0.009994507,-0.9994507,RedDefault,46.83544,145,0,32.3690872,Moved,1553.0,710.0,Outside
1,-0.004486084,0.0103607178,-1.00192261,RedDefault,46.83544,146,0,32.40242,Moved,1443.0,684.0,Wall
1,-0.00410461426,0.008728027,-1.00201416,RedDefault,47.2573853,147,0,32.4357529,Moved,1059.0,688.0,Wall
1,-0.001663208,0.008331299,-1.0004425,RedDefault,47.6793251,148,0,32.46908,Moved,692.0,661.0,Wall
1,-0.00230407715,0.00920105,-1.00007629,RedDefault,48.10127,149,0,32.5024147,Moved,615.0,596.0,Outside
1,-0.000289917,0.009277344,-1.00120544,RedDefault,48.5232048,150,0,32.5357437,Moved,833.0,489.0,Wall
1,0.000473022461,0.008117676,-0.9992218,RedDefault,48.94515,151,0,32.5690765,Moved,1145.0,418.999969,Door
1,0.000473022461,0.008117676,-0.9992218,RedDefault,49.36709,152,0,32.60241,Moved,1361.0,355.999969,Wall
1,-0.008056641,0.0102386475,-1.00231934,RedDefault,49.78903,153,0,32.63574,Moved,1345.0,343.999969,Wall
1,-0.006149292,0.0104522705,-1.00196838,RedDefault,49.78903,154,0,32.66907,Moved,989.0,375.0,Door
1,-0.006149292,0.0104522705,-1.00196838,RedDefault,50.21097,155,0,32.702404,Moved,653.0,384.0,Outside
1,-0.000305175781,0.007156372,-1.00111389,RedDefault,50.63291,156,0,32.735733,Moved,631.0,364.000031,Outside
1,0.000930786133,0.00718688965,-1.00334167,RedDefault,51.05485,157,0,32.7690659,Moved,941.0,334.999969,Wall
1,0.000930786133,0.00718688965,-1.00334167,RedDefault,51.05485,158,0,32.8023949,Moved,1342.0,286.000031,Wall
1,-0.00192260742,0.008712769,-0.998321533,RedDefault,51.05485,159,0,32.8357277,Moved,1588.0,238.999969,Outside
1,-0.00987243652,0.0132598877,-1.00527954,RedDefault,51.05485,160,0,32.86906,Moved,1571.0,241.999969,Outside
1,-0.00987243652,0.0132598877,-1.00527954,RedDefault,51.05485,161,0,32.90239,Moved,1231.0,318.0,Wall
1,-0.00239562988,0.009689331,-1.00028992,RedDefault,51.05485,162,0,32.9357224,Moved,824.0,349.000031,Wall
1,-0.00259399414,0.008529663,-1.00286865,RedDefault,51.4767952,163,0,32.96905,Moved,704.0,346.999969,Wall
1,-0.00259399414,0.008529663,-1.00286865,RedDefault,51.4767952,164,0,33.0023842,Moved,876.0,310.000031,Wall
1,0.0007324219,0.007095337,-0.999755859,RedDefault,51.898735,165,0,33.035717,Moved,1215.0,277.999969,Wall
1,-0.0005187988,0.009521484,-0.9979706,RedDefault,51.898735,166,0,33.069046,Moved,1490.0,237.0,Bound
1,-0.0005187988,0.009521484,-0.9979706,RedDefault,51.898735,167,0,33.10238,Moved,1523.0,238.999969,Outside
1,0.0002593994,0.00881958,-0.9948578,RedDefault,51.898735,168,0,33.1357079,Moved,1327.0,280.999969,Wall
1,-0.005935669,0.009689331,-1.00048828,RedDefault,51.898735,169,0,33.16904,Moved,960.0,322.000031,Wall
1,-0.005935669,0.009689331,-1.00048828,RedDefault,51.898735,170,0,33.2023735,Moved,703.0,292.999969,Wall
1,-0.003326416,0.008407593,-1.00138855,RedDefault,51.898735,171,0,33.2357025,Moved,835.0,259.999969,Wall
0,-0.003326416,0.008407593,-1.00138855,RedDefault,51.898735,0,1,33.2357025,Canceled,780.0,73.99997,Wall
1,0.00401306152,0.007003784,-1.00003052,RedDefault,52.32068,172,0,33.2690353,Moved,1107.0,238.999969,Door
1,0.00401306152,0.007003784,-1.00003052,RedDefault,52.74262,173,0,33.3023643,Moved,1508.0,166.000031,Outside
1,3.05175781e-05,0.008911133,-0.999984741,RedDefault,52.74262,174,0,33.3356972,Moved,1631.0,148.999969,Outside
1,-0.009414673,0.0108947754,-1.0007782,RedDefault,52.74262,175,0,33.36903,Moved,1421.0,184.999969,Wall
1,-0.009414673,0.0108947754,-1.0007782,RedDefault,52.74262,176,0,33.40236,Moved,1032.0,241.000031,Door
1,-0.00437927246,0.008682251,-1.00125122,RedDefault,52.74262,177,0,33.43569,Moved,675.0,259.000031,Wall
1,0.00386047363,0.00756835938,-0.9961853,RedDefault,53.16456,178,0,33.4690247,Moved,679.0,259.999969,Wall
1,0.00386047363,0.00756835938,-0.9961853,RedDefault,53.5864944,179,0,33.5023537,Moved,972.0,265.000031,Bound
1,0.0008392334,0.008728027,-1.00242615,RedDefault,53.5864944,180,0,33.5356865,Moved,1050.0,264.0,Door
1,-0.005783081,0.008865356,-0.9945679,RedDefault,53.5864944,181,0,33.5690155,Stationary,1050.0,264.0,Door
1,-0.005783081,0.008865356,-0.9945679,RedDefault,53.5864944,182,0,33.60235,Stationary,1050.0,264.0,Door
1,-0.00640869141,0.0102539063,-1.004303,RedDefault,53.5864944,183,0,33.63568,Stationary,1050.0,264.0,Door
1,-0.00338745117,0.009460449,-1.00157166,RedDefault,53.5864944,184,0,33.66901,Stationary,1050.0,264.0,Door
1,-0.000152587891,0.009841919,-0.9996948,RedDefault,53.5864944,185,0,33.702343,Stationary,1050.0,264.0,Door
1,0.002456665,0.00680542,-0.9987488,RedDefault,53.5864944,186,0,33.735672,Stationary,1050.0,264.0,Door
1,0.0025177002,0.005584717,-0.9998169,RedDefault,53.5864944,187,0,33.7690048,Stationary,1050.0,264.0,Door
1,-0.002532959,0.00743103027,-0.9983673,RedDefault,53.5864944,188,0,33.8023376,Stationary,1050.0,264.0,Door
1,-0.00509643555,0.0100250244,-0.994277954,RedDefault,53.5864944,189,0,33.8356667,Stationary,1050.0,264.0,Door
1,-0.0050201416,0.0108947754,-1.0032196,RedDefault,53.5864944,190,0,33.869,Stationary,1050.0,264.0,Door
1,-0.004333496,0.009155273,-1.000412,RedDefault,53.5864944,191,0,33.90233,Stationary,1050.0,264.0,Door
1,-0.00106811523,0.00756835938,-0.999313354,RedDefault,53.5864944,192,0,33.93566,Stationary,1050.0,264.0,Door
1,0.0004272461,0.00662231445,-0.999832153,RedDefault,53.5864944,193,0,33.9689941,Stationary,1050.0,264.0,Door
1,0.00186157227,0.00634765625,-1.00018311,RedDefault,53.5864944,194,0,34.0023232,Stationary,1050.0,264.0,Door
1,-0.00180053711,0.0100250244,-0.999237061,RedDefault,53.5864944,195,0,34.035656,Stationary,1050.0,264.0,Door
1,-0.00489807129,0.012512207,-0.9996033,RedDefault,53.5864944,196,0,34.06899,Stationary,1050.0,264.0,Door
1,-0.005706787,0.0102996826,-0.9984436,RedDefault,53.5864944,197,0,34.1023178,Stationary,1050.0,264.0,Door
1,-0.00289917,0.00772094727,-0.998428345,RedDefault,53.5864944,198,0,34.13565,Ended,1054.0,259.999969,Door
0,-0.00289917,0.00772094727,-0.998428345,RedDefault,53.5864944,1,1,34.13565,Ended,782.0,78.0,Door
0,0.0007324219,0.005279541,-0.99823,RedDefault,53.5864944,2,2,34.16898,Ended,1367.0,16.00003,Outside
2,0.00152587891,0.008590698,-1.00068665,RedDefault,53.5864944,0,0,34.4897575,Began,1102.0,175.000031,Door
2,-0.00207519531,0.009246826,-1.001648,RedDefault,53.5864944,1,0,34.5230865,Moved,1261.0,174.0,Wall
2,-0.005935669,0.009353638,-0.9991913,RedDefault,53.5864944,2,0,34.55642,Moved,1236.0,177.0,Wall
2,-0.005432129,0.008911133,-1.001831,RedDefault,53.5864944,3,0,34.58975,Moved,939.0,202.000031,Wall
2,-0.00270080566,0.008117676,-1.00076294,RedDefault,54.00844,4,0,34.62308,Moved,627.0,225.0,Outside
2,-0.00131225586,0.00869751,-1.00062561,RedDefault,54.00844,5,0,34.656414,Moved,529.0,232.999969,Outside
2,0.001083374,0.007537842,-1.00001526,RedDefault,54.00844,6,0,34.689743,Moved,692.0,217.999969,Wall
2,7.62939453e-05,0.008300781,-1.00228882,RedDefault,54.00844,7,0,34.7230759,Moved,1011.0,181.999969,Door
2,-0.00329589844,0.008972168,-1.00134277,RedDefault,54.00844,8,0,34.75641,Moved,1288.0,175.000031,Wall
2,-0.004562378,0.008605957,-0.991607666,RedDefault,54.00844,9,0,34.7897377,Moved,1402.0,187.000031,Wall
2,-0.004837036,0.00932312,-1.00296021,RedDefault,54.00844,10,0,34.82307,Moved,1293.0,205.000031,Wall
2,-0.00186157227,0.00894165,-1.00030518,RedDefault,54.00844,11,0,34.8564,Moved,979.0,247.999969,Door
2,0.00140380859,0.00733947754,-1.00141907,RedDefault,54.00844,12,0,34.8897324,Moved,665.0,285.0,Bound
2,0.000289917,0.007904053,-1.00163269,RedDefault,54.00844,13,0,34.9230652,Moved,590.0,295.999969,Outside
2,-0.00193786621,0.008087158,-0.995056152,RedDefault,54.00844,14,0,34.9563942,Moved,838.0,310.999969,Wall
2,-0.00370788574,0.009033203,-0.9989319,RedDefault,54.00844,15,0,34.989727,Moved,1168.0,313.999969,Bound
2,-0.00416564941,0.009277344,-0.999832153,RedDefault,54.00844,16,0,35.023056,Moved,1407.0,313.999969,Wall
2,-0.00532531738,0.009780884,-0.99710083,RedDefault,54.00844,17,0,35.05639,Moved,1418.0,336.0,Wall
2,-0.002243042,0.009567261,-1.00541687,RedDefault,54.430378,18,0,35.08972,Moved,1132.0,451.999969,Door
2,-0.000122070313,0.008041382,-1.00018311,RedDefault,54.8523178,19,0,35.12305,Moved,709.0,559.0,Wall
2,-0.0007019043,0.006652832,-1.00190735,RedDefault,55.27426,20,0,35.1563835,Moved,511.0,590.0,Outside
2,-0.00254821777,0.008285522,-0.9985657,RedDefault,55.27426,21,0,35.1897125,Moved,629.0,609.0,Outside
2,-0.00294494629,0.008422852,-1.0014801,RedDefault,55.27426,22,0,35.2230453,Moved,1007.0,610.0,Wall
2,-0.003479004,0.0102539063,-1.00042725,RedDefault,55.6962,23,0,35.25638,Moved,1366.0,603.0,Wall
2,-0.00257873535,0.009979248,-0.9994812,RedDefault,56.11814,24,0,35.2897072,Moved,1561.0,613.0,Outside
2,-0.00248718262,0.00820922852,-0.999572754,RedDefault,56.11814,25,0,35.32304,Moved,1527.0,640.0,Outside
2,-0.00132751465,0.007751465,-1.00120544,RedDefault,56.11814,26,0,35.35637,Moved,1141.0,739.0,Wall
2,-0.00242614746,0.007446289,-1.00149536,RedDefault,56.5400848,27,0,35.3897,Moved,674.0,800.000061,Wall
2,-0.00538635254,0.00907897949,-0.9985199,RedDefault,56.9620247,28,0,35.4230347,Moved,568.0,804.0,Outside
2,-0.004272461,0.008682251,-1.00149536,RedDefault,57.3839645,29,0,35.4563637,Moved,800.0,786.0,Wall
2,4.57763672e-05,0.009109497,-1.00428772,RedDefault,57.80591,30,0,35.4896965,Moved,1163.0,746.0,Wall
2,0.0015411377,0.00831604,-0.9960327,RedDefault,58.2278481,31,0,35.52303,Moved,1495.0,689.0,Outside
2,-0.003540039,0.008377075,-1.0035553,RedDefault,58.64979,32,0,35.55636,Moved,1584.0,660.0,Outside
2,-0.00466918945,0.009338379,-1.00337219,RedDefault,58.64979,33,0,35.58969,Moved,1295.0,709.0,Wall
2,-0.007461548,0.0103912354,-1.0017395,RedDefault,59.07173,34,0,35.62302,Moved,785.0,789.999939,Wall
2,-0.006454468,0.009902954,-1.00132751,RedDefault,59.07173,35,0,35.656353,Moved,551.0,809.000061,Outside
2,-0.006454468,0.009902954,-1.00132751,RedDefault,59.49367,36,0,35.6896858,Moved,640.0,797.000061,Outside
2,0.00262451172,0.007019043,-1.00308228,RedDefault,59.49367,37,0,35.7230148,Moved,1008.0,729.0,Wall
2,0.0016784668,0.007507324,-0.9996948,RedDefault,59.9156151,38,0,35.7563477,Moved,1382.0,638.0,Wall
2,0.0016784668,0.007507324,-0.9996948,RedDefault,59.9156151,39,0,35.7896767,Moved,1615.0,549.0,Outside
2,-0.008071899,0.0112609863,-1.00012207,RedDefault,59.9156151,40,0,35.82301,Moved,1623.0,510.0,Outside
2,-0.00546264648,0.0101013184,-1.0007782,RedDefault,59.9156151,41,0,35.8563423,Moved,1293.0,567.0,Wall
2,-0.00546264648,0.0101013184,-1.0007782,RedDefault,60.3375549,42,0,35.88967,Moved,825.0,655.0,Wall
2,4.57763672e-05,0.007980347,-1.00227356,RedDefault,60.75949,43,0,35.9230042,Moved,635.0,664.0,Outside
2,4.57763672e-05,0.007980347,-1.00227356,RedDefault,61.18143,44,0,35.9563332,Moved,677.0,639.0,Wall
2,0.0006713867,0.007446289,-1.0,RedDefault,61.18143,45,0,35.989666,Moved,939.0,587.0,Wall
2,-0.004058838,0.00958251953,-0.9991455,RedDefault,61.6033745,46,0,36.023,Moved,1130.0,559.0,Wall
2,-0.004058838,0.00958251953,-0.9991455,RedDefault,62.0253143,47,0,36.0563278,Moved,1188.0,550.0,Wall
2,-0.00480651855,0.0105438232,-1.0005188,RedDefault,62.4472542,48,0,36.08966,Moved,1189.0,549.0,Wall
2,-0.001159668,0.00756835938,-1.00007629,RedDefault,62.8691978,49,0,36.1229935,Moved,1179.0,549.0,Wall
2,-0.001159668,0.00756835938,-1.00007629,RedDefault,62.8691978,50,0,36.1563225,Moved,1166.0,556.0,Wall
2,0.00128173828,0.00595092773,-1.00267029,RedDefault,62.8691978,51,0,36.1896553,Moved,1123.0,578.0,Wall
2,-0.00328063965,0.006500244,-1.00109863,RedDefault,63.2911377,52,0,36.2229843,Moved,1093.0,597.0,Wall
2,-0.003326416,0.0106506348,-1.00099182,RedDefault,63.2911377,53,0,36.2563171,Moved,1092.0,603.0,Wall
2,-0.00273132324,0.0120849609,-1.00120544,RedDefault,63.71308,54,0,36.28965,Moved,1097.0,604.0,Wall
2,-0.0032043457,0.01008606,-1.00141907,RedDefault,63.71308,55,0,36.32298,Moved,1099.0,605.0,Wall
2,-0.00395202637,0.007843018,-1.0002594,RedDefault,63.71308,56,0,36.35631,Moved,1100.0,605.0,Wall
2,-0.00259399414,0.004776001,-1.00074768,RedDefault,64.13502,57,0,36.38964,Stationary,1100.0,605.0,Wall
2,0.00032043457,0.00576782227,-1.00140381,RedDefault,64.13502,58,0,36.4229736,Stationary,1100.0,605.0,Wall
2,0.00228881836,0.0106658936,-1.0014801,RedDefault,64.13502,59,0,36.4563065,Moved,1093.0,604.0,Wall
2,-0.00436401367,0.0146789551,-1.01750183,RedDefault,64.13502,60,0,36.4896355,Moved,1004.0,604.0,Wall
2,-0.007797241,0.0134735107,-1.005661,RedDefault,64.13502,61,0,36.52297,Moved,874.0,608.0,Wall
2,-0.00561523438,0.00703430176,-0.9994507,RedDefault,64.55696,62,0,36.5562973,Moved,755.0,617.0,Wall
2,0.001083374,0.00189208984,-1.00119019,RedDefault,64.9789047,63,0,36.58963,Moved,735.0,622.0,Wall
2,0.00881958,0.004333496,-0.999984741,RedDefault,65.40085,64,0,36.622963,Moved,905.0,623.0,Wall
2,0.0,0.0120391846,-1.00209045,RedDefault,65.8227844,65,0,36.656292,Moved,1166.0,613.0,Wall
2,-0.007003784,0.0151062012,-0.9993744,RedDefault,66.24473,66,0,36.6896248,Moved,1406.0,592.0,Wall
2,-0.007446289,0.0104675293,-1.00018311,RedDefault,66.66667,67,0,36.7229538,Moved,1493.0,585.0,Outside
2,-0.00399780273,0.00393676758,-1.00065613,RedDefault,67.08861,68,0,36.7562866,Moved,1435.0,601.0,Wall
2,-0.001159668,0.00271606445,-0.9993286,RedDefault,67.08861,69,0,36.78962,Moved,1195.0,674.0,Wall
2,0.002166748,0.007598877,-1.0012207,RedDefault,67.08861,70,0,36.82295,Moved,943.0,746.0,Wall
2,0.00016784668,0.0142211914,-1.0020752,RedDefault,67.51055,71,0,36.85628,Moved,876.0,774.999939,Wall
2,-0.00610351563,0.0150146484,-0.9997864,RedDefault,67.93249,72,0,36.8896141,Moved,929.0,782.000061,Wall
2,-0.00561523438,0.008850098,-0.9977417,RedDefault,68.35443,73,0,36.9229431,Moved,1129.0,783.0,Wall
2,-0.004562378,0.00239562988,-1.00163269,RedDefault,68.77637,74,0,36.9562759,Moved,1322.0,771.999939,Wall
2,0.00155639648,0.001953125,-1.00149536,RedDefault,69.19831,75,0,36.9896049,Moved,1387.0,768.0,Wall
2,0.0001373291,0.007888794,-1.00213623,RedDefault,69.6202545,76,0,37.0229378,Moved,1193.0,792.0,Wall
2,-0.000900268555,0.01586914,-0.996459961,RedDefault,70.04219,77,0,37.05627,Moved,869.0,852.0,Roof
2,-0.006576538,0.0159606934,-1.00636292,RedDefault,70.4641342,78,0,37.0896,Moved,736.0,876.999939,Roof
2,-0.00633239746,0.009841919,-1.00054932,RedDefault,70.88608,79,0,37.1229324,Moved,766.0,873.999939,Roof
2,-0.00213623047,0.00248718262,-0.9972992,RedDefault,70.88608,80,0,37.15626,Moved,1063.0,842.000061,Roof
2,0.00273132324,0.001663208,-1.0009613,RedDefault,70.88608,81,0,37.1895943,Moved,1374.0,813.0,Wall
2,0.00219726563,0.008361816,-1.00106812,RedDefault,71.3080139,82,0,37.2229271,Moved,1516.0,809.000061,Outside
2,0.0007324219,0.0158538818,-1.0007019,RedDefault,71.72996,83,0,37.2562561,Moved,1454.0,846.999939,Roof
2,-0.00682067871,0.0169067383,-0.9963684,RedDefault,72.1519,84,0,37.28959,Moved,1106.0,951.0,Roof
2,-0.008743286,0.0103912354,-1.00230408,RedDefault,72.57384,85,0,37.3229179,Moved,777.0,1005.99994,Roof
2,-0.004043579,0.00357055664,-0.999908447,RedDefault,72.99578,86,0,37.35625,Moved,737.0,1014.0,Roof
2,0.000747680664,0.0026550293,-1.00408936,RedDefault,73.4177246,87,0,37.3895836,Moved,951.0,1014.0,Roof
2,0.00219726563,0.00685119629,-1.00216675,RedDefault,73.83966,88,0,37.4229126,Moved,1250.0,1004.00006,Roof
2,-0.0007324219,0.0138397217,-1.00167847,RedDefault,74.2616043,89,0,37.4562454,Moved,1569.0,971.000061,Bound
2,-0.00424194336,0.01461792,-1.00175476,RedDefault,74.68355,90,0,37.4895744,Moved,1741.0,939.0,Outside
2,-0.009933472,0.0103607178,-1.00149536,RedDefault,74.68355,91,0,37.5229073,Moved,1638.0,951.0,Outside
2,-0.007019043,0.005569458,-1.00019836,RedDefault,75.105484,92,0,37.55624,Moved,1261.0,1036.0,Roof
2,0.000305175781,0.003616333,-0.9997101,RedDefault,75.52742,93,0,37.58957,Moved,923.0,1093.0,Roof
2,0.00227355957,0.008346558,-1.00169373,RedDefault,75.94936,94,0,37.6229019,Moved,791.0,1097.0,Roof
2,0.000244140625,0.0123901367,-0.9961853,RedDefault,75.94936,95,0,37.6562347,Moved,875.0,1056.0,Roof
2,-0.002746582,0.0127105713,-1.0007782,RedDefault,76.37131,96,0,37.6895638,Moved,1181.0,1002.0,Roof
2,-0.00328063965,0.009140015,-0.999984741,RedDefault,76.37131,97,0,37.7228966,Moved,1554.0,930.999939,Roof
2,-0.00254821777,0.00610351563,-0.9988098,RedDefault,76.79325,98,0,37.7562256,Moved,1832.0,864.999939,Outside
2,-0.00486755371,0.006088257,-1.0012207,RedDefault,76.79325,99,0,37.78956,Ended,1883.0,831.999939,Outside
3,0.00444030762,0.008850098,-0.949173,RedDefault,76.79325,0,0,37.8895531,Began,946.0,1127.0,Roof
3,-0.003540039,0.009490967,-1.00598145,RedDefault,76.79325,1,0,37.9228821,Moved,929.0,1132.0,Roof
3,-0.005630493,0.00677490234,-0.9973602,RedDefault,76.79325,2,0,37.9562149,Moved,1130.0,1098.0,Roof
3,-0.004547119,0.007797241,-1.00305176,RedDefault,77.21519,3,0,37.9895477,Moved,1491.0,1047.0,Roof
3,-0.00401306152,0.009796143,-1.002533,RedDefault,77.63713,4,0,38.0228767,Moved,1763.0,1002.99994,Outside
3,0.00183105469,0.0116729736,-0.999359131,RedDefault,77.63713,5,0,38.05621,Moved,1794.0,996.999939,Outside
3,0.003753662,0.0109558105,-0.9991455,RedDefault,77.63713,6,0,38.08954,Moved,1629.0,1050.0,Outside
3,-0.00277709961,0.009094238,-1.00241089,RedDefault,77.63713,7,0,38.12287,Moved,1251.0,1151.0,Bound
3,-0.007080078,0.007232666,-1.00241089,RedDefault,78.0590744,8,0,38.1562042,Moved,930.0,1189.0,Outside
3,-0.006454468,0.00590515137,-0.9962311,RedDefault,78.0590744,9,0,38.1895332,Moved,899.0,1186.0,Outside
3,-0.00132751465,0.009933472,-1.00279236,RedDefault,78.0590744,10,0,38.2228661,Moved,1162.0,1121.0,Roof
3,0.002319336,0.0104980469,-0.9995117,RedDefault,78.0590744,11,0,38.2561951,Moved,1508.0,1033.0,Roof
3,0.00257873535,0.0104675293,-1.00071716,RedDefault,78.0590744,12,0,38.2895279,Moved,1749.0,960.999939,Outside
3,-0.00285339355,0.008850098,-1.001831,RedDefault,78.0590744,13,0,38.32286,Moved,1798.0,936.999939,Outside
3,-0.00663757324,0.0068359375,-1.00061035,RedDefault,78.0590744,14,0,38.35619,Moved,1574.0,983.000061,Outside
3,-0.00674438477,0.008102417,-1.0012207,RedDefault,78.0590744,15,0,38.3895226,Moved,1187.0,1071.0,Roof
3,-0.00370788574,0.01071167,-1.00411987,RedDefault,78.0590744,16,0,38.4228554,Moved,862.0,1093.0,Roof
3,0.000747680664,0.00869751,-0.992507935,RedDefault,78.0590744,17,0,38.4561844,Moved,825.0,1066.0,Roof
3,0.00315856934,0.009002686,-1.00169373,RedDefault,78.0590744,18,0,38.4895172,Moved,1067.0,984.999939,Roof
3,-0.000747680664,0.007217407,-1.00222778,RedDefault,78.48101,19,0,38.5228462,Moved,1351.0,888.999939,Roof
3,-0.004470825,0.00704956055,-1.000473,RedDefault,78.9029541,20,0,38.55618,Moved,1548.0,810.0,Outside
3,-0.005783081,0.0103759766,-0.999908447,RedDefault,79.3249,21,0,38.58951,Moved,1630.0,760.0,Outside
3,-0.00503540039,0.011138916,-0.9997101,RedDefault,79.3249,22,0,38.62284,Moved,1519.0,749.0,Outside
3,-0.00503540039,0.011138916,-0.9997101,RedDefault,79.74683,23,0,38.6561737,Moved,1086.0,821.000061,Bound
3,0.000610351563,0.009017944,-1.0025177,RedDefault,79.74683,24,0,38.6895027,Moved,672.0,860.000061,Roof
3,3.05175781e-05,0.004852295,-0.9958191,RedDefault,79.74683,25,0,38.7228355,Moved,572.0,860.000061,Roof
3,3.05175781e-05,0.004852295,-0.9958191,RedDefault,80.16878,26,0,38.75617,Moved,727.0,804.999939,Wall
3,-0.004135132,0.008804321,-1.00257874,RedDefault,80.16878,27,0,38.7894974,Moved,1088.0,726.0,Wall
3,-0.005935669,0.0119934082,-1.00222778,RedDefault,80.59072,28,0,38.82283,Ended,1649.0,535.0,Wall
4,-0.0002746582,0.00625610352,-1.00154114,RedDefault,80.59072,0,0,39.38946,Began,1515.0,271.000031,Outside
4,-0.00151062012,0.008972168,-1.03379822,RedDefault,80.59072,1,0,39.4227943,Moved,1494.0,283.999969,Outside
4,-0.004928589,0.0110778809,-1.02754211,RedDefault,80.59072,2,0,39.4561234,Moved,1287.0,364.000031,Wall
4,-0.005493164,0.0126800537,-1.00193787,RedDefault,80.59072,3,0,39.4894562,Moved,877.0,454.000031,Wall
4,-0.004119873,0.008834839,-0.9987793,RedDefault,80.59072,4,0,39.52279,Moved,587.0,510.0,Outside
4,-0.00048828125,0.00575256348,-1.001358,RedDefault,80.59072,5,0,39.556118,Moved,542.0,528.0,Outside
4,-0.000915527344,0.006362915,-1.0010376,RedDefault,80.59072,6,0,39.58945,Moved,750.0,525.0,Wall
4,-0.000747680664,0.009307861,-1.00228882,RedDefault,81.01266,7,0,39.62278,Moved,1032.0,483.0,Door
4,-0.00169372559,0.0113525391,-1.00067139,RedDefault,81.4346,8,0,39.6561127,Moved,1265.0,430.999969,Wall
4,-0.00262451172,0.0100097656,-1.0004425,RedDefault,81.8565445,9,0,39.6894455,Moved,1403.0,394.000031,Wall
4,-0.00183105469,0.00772094727,-1.00108337,RedDefault,81.8565445,10,0,39.7227745,Moved,1360.0,409.000031,Wall
4,-0.00128173828,0.00602722168,-1.00242615,RedDefault,81.8565445,11,0,39.7561073,Moved,997.0,565.0,Wall
4,-0.001876831,0.00761413574,-0.9998169,RedDefault,82.27848,12,0,39.78944,Moved,720.0,686.0,Wall
4,-0.00372314453,0.0111846924,-1.00369263,RedDefault,82.27848,13,0,39.82277,Moved,666.0,719.0,Bound
4,-0.006942749,0.0127868652,-0.9990082,RedDefault,82.27848,14,0,39.856102,Moved,764.0,703.0,Wall
4,-0.00271606445,0.0101470947,-0.9986725,RedDefault,82.70042,15,0,39.88943,Moved,1023.0,622.0,Wall
4,-0.0002746582,0.00653076172,-1.0018158,RedDefault,82.70042,16,0,39.9227638,Moved,1266.0,546.0,Wall
4,0.00152587891,0.005050659,-1.00097656,RedDefault,83.12236,17,0,39.9560966,Moved,1420.0,496.999969,Wall
4,-1.52587891e-05,0.007980347,-1.00074768,RedDefault,83.5443039,18,0,39.9894257,Moved,1423.0,499.999969,Wall
4,-0.005340576,0.0108032227,-1.00106812,RedDefault,83.96624,19,0,40.02276,Moved,1084.0,646.0,Wall
4,-0.00567626953,0.011932373,-1.00065613,RedDefault,83.96624,20,0,40.0560875,Moved,704.0,809.000061,Wall
4,-0.00299072266,0.009750366,-1.00254822,RedDefault,83.96624,21,0,40.08942,Moved,544.0,882.0,Bound
4,-0.00143432617,0.008361816,-1.00216675,RedDefault,84.38818,22,0,40.1227531,Moved,587.0,867.999939,Roof
4,-0.001876831,0.007843018,-1.000351,RedDefault,84.38818,23,0,40.1560822,Moved,906.0,738.0,Wall
4,0.000213623047,0.008544922,-1.00038147,RedDefault,84.81013,24,0,40.189415,Moved,1215.0,603.0,Wall
4,0.000503540039,0.008575439,-0.999801636,RedDefault,84.81013,25,0,40.222744,Moved,1422.0,523.0,Wall
4,-0.0009613037,0.008712769,-0.998428345,RedDefault,84.81013,26,0,40.2560768,Moved,1472.0,511.999969,Wall
4,-0.00283813477,0.00881958,-0.998168945,RedDefault,84.81013,27,0,40.28941,Moved,1299.0,631.0,Wall
4,-0.00653076172,0.008361816,-0.9987335,RedDefault,85.23207,28,0,40.32274,Moved,974.0,824.000061,Bound
4,-0.00390625,0.008331299,-1.00814819,RedDefault,85.23207,29,0,40.35607,Moved,837.0,900.0,Roof
4,-0.004776001,0.0117492676,-1.00057983,RedDefault,85.23207,30,0,40.3894,Moved,857.0,882.0,Roof
4,-0.0011138916,0.0105285645,-1.00190735,RedDefault,85.65401,31,0,40.4227333,Moved,1098.0,756.0,Wall
4,0.00300598145,0.0068359375,-1.00149536,RedDefault,86.07595,32,0,40.4560661,Moved,1375.0,620.0,Wall
4,0.000381469727,0.00611877441,-1.00076294,RedDefault,86.07595,33,0,40.4893951,Moved,1549.0,526.0,Outside
4,-0.002166748,0.006149292,-1.00054932,RedDefault,86.07595,34,0,40.522728,Moved,1556.0,514.0,Outside
4,-0.00518798828,0.008346558,-0.9958496,RedDefault,86.07595,35,0,40.55606,Moved,1240.0,670.0,Wall
4,-0.00466918945,0.010848999,-0.9976196,RedDefault,86.4978943,36,0,40.58939,Moved,862.0,861.0,Roof
4,-0.00430297852,0.0135040283,-0.999160767,RedDefault,86.4978943,37,0,40.6227226,Moved,781.0,894.0,Roof
4,0.0009918213,0.008071899,-0.999176,RedDefault,86.4978943,38,0,40.65605,Moved,865.0,828.0,Bound
4,-0.0008392334,0.00680542,-1.00234985,RedDefault,86.4978943,39,0,40.6893845,Moved,1130.0,672.0,Wall
4,0.000366210938,0.00523376465,-1.00115967,RedDefault,86.4978943,40,0,40.7227173,Moved,1354.0,539.0,Wall
4,0.0004272461,0.00630188,-0.997680664,RedDefault,86.91983,41,0,40.7560463,Moved,1455.0,469.999969,Wall
4,-0.00225830078,0.008224487,-0.9971161,RedDefault,86.91983,42,0,40.78938,Moved,1378.0,481.999969,Wall
4,-0.004119873,0.010848999,-0.9944458,RedDefault,86.91983,43,0,40.82271,Moved,975.0,662.0,Wall
4,-0.00561523438,0.0130615234,-1.00228882,RedDefault,87.341774,44,0,40.85604,Moved,608.0,777.999939,Outside
4,-0.004211426,0.00994873047,-0.99861145,RedDefault,87.341774,45,0,40.8893738,Moved,509.0,777.999939,Outside
4,1.52587891e-05,0.00640869141,-1.00221252,RedDefault,87.341774,46,0,40.9227028,Moved,651.0,662.0,Outside
4,0.00273132324,0.004928589,-1.00076294,RedDefault,87.341774,47,0,40.9560356,Moved,920.0,498.0,Wall
4,0.002609253,0.008132935,-0.9998779,RedDefault,87.76372,48,0,40.9893646,Moved,1121.0,373.999969,Door
4,9.15527344e-05,0.008911133,-0.999420166,RedDefault,88.18565,49,0,41.0226974,Moved,1191.0,319.999969,Wall
4,-0.00582885742,0.0113830566,-1.00445557,RedDefault,88.18565,50,0,41.05603,Moved,1064.0,366.0,Door
4,-0.007751465,0.009857178,-0.999237061,RedDefault,88.6076,51,0,41.08936,Moved,709.0,548.0,Wall
4,-0.005706787,0.009628296,-1.00636292,RedDefault,88.6076,52,0,41.1226921,Moved,486.0,657.0,Outside
4,-0.00598144531,0.0103912354,-1.00071716,RedDefault,88.6076,53,0,41.15602,Moved,493.0,661.0,Outside
4,0.0005340576,0.009490967,-1.00038147,RedDefault,88.6076,54,0,41.1893539,Moved,770.0,558.0,Wall
4,0.00270080566,0.008651733,-1.00163269,RedDefault,88.6076,55,0,41.2226868,Moved,1009.0,468.0,Door
4,0.001663208,0.00634765625,-0.999938965,RedDefault,88.6076,56,0,41.2560158,Moved,1161.0,436.000031,Door
4,-0.00239562988,0.00633239746,-1.0009613,RedDefault,88.6076,57,0,41.28935,Moved,1199.0,457.999969,Wall
4,-0.008239746,0.008453369,-0.9970703,RedDefault,89.02954,58,0,41.32268,Moved,1006.0,684.0,Wall
4,-0.006958008,0.0116882324,-0.9934387,RedDefault,89.02954,59,0,41.35601,Moved,733.0,933.0,Roof
4,-0.00445556641,0.0128479,-1.00805664,RedDefault,89.02954,60,0,41.3893433,Moved,661.0,1026.0,Roof
4,0.000778198242,0.007949829,-0.9896393,RedDefault,89.45148,61,0,41.4226723,Moved,745.0,1019.00006,Roof
4,0.00239562988,0.006362915,-1.00216675,RedDefault,89.45148,62,0,41.4560051,Moved,1009.0,920.000061,Roof
4,0.00146484375,0.00531005859,-1.00115967,RedDefault,89.87341,63,0,41.4893379,Moved,1278.0,810.0,Wall
4,0.0005645752,0.00547790527,-0.998504639,RedDefault,89.87341,64,0,41.5226669,Moved,1432.0,746.0,Wall
4,-0.004257202,0.008895874,-1.00083923,RedDefault,89.87341,65,0,41.556,Moved,1395.0,789.0,Wall
4,-0.006210327,0.0124969482,-1.00091553,RedDefault,89.87341,66,0,41.58933,Moved,1090.0,1011.0,Roof
4,-0.008117676,0.0137481689,-1.00202942,RedDefault,90.29536,67,0,41.62266,Moved,908.0,1153.0,Roof
4,0.00193786621,0.0113067627,-1.00735474,RedDefault,90.29536,68,0,41.6559944,Moved,937.0,1154.0,Bound
4,0.00122070313,0.00674438477,-1.00097656,RedDefault,90.29536,69,0,41.6893234,Moved,1213.0,1014.99994,Roof
4,0.005493164,0.00401306152,-0.9974823,RedDefault,90.29536,70,0,41.7226563,Moved,1485.0,840.0,Roof
4,0.00445556641,0.00547790527,-1.00268555,RedDefault,90.7173,71,0,41.7559853,Moved,1563.0,785.000061,Outside
4,-0.00378417969,0.010345459,-1.00109863,RedDefault,90.7173,72,0,41.7893181,Moved,1417.0,903.999939,Roof
4,-0.0104827881,0.014541626,-0.999115,RedDefault,90.7173,73,0,41.82265,Moved,1071.0,1109.0,Roof
4,-0.012512207,0.0143890381,-0.997680664,RedDefault,91.13924,74,0,41.85598,Moved,897.0,1183.0,Outside
4,-0.012512207,0.0143890381,-0.997680664,RedDefault,91.13924,75,0,41.8893127,Moved,990.0,1132.0,Roof
4,0.005065918,0.004257202,-1.00274658,RedDefault,91.56118,76,0,41.92264,Moved,1326.0,975.999939,Roof
4,0.007003784,0.0050201416,-0.999465942,RedDefault,91.98312,77,0,41.9559746,Moved,1547.0,870.0,Roof
4,0.007003784,0.0050201416,-0.999465942,RedDefault,92.40506,78,0,41.9893074,Moved,1559.0,860.000061,Roof
4,-0.009780884,0.0129852295,-1.00167847,RedDefault,92.40506,79,0,42.0226364,Moved,1352.0,945.0,Roof
4,-0.0137023926,0.0142822266,-1.00299072,RedDefault,92.40506,80,0,42.05597,Moved,978.0,1036.0,Roof
4,-0.0137023926,0.0142822266,-1.00299072,RedDefault,92.827,81,0,42.0893021,Moved,841.0,1023.99994,Roof
4,0.00633239746,0.005004883,-1.00296021,RedDefault,92.827,82,0,42.12263,Moved,945.0,894.999939,Roof
4,0.00633239746,0.005004883,-1.00296021,RedDefault,92.827,83,0,42.1559639,Moved,1191.0,667.0,Wall
4,0.0114440918,0.0005187988,-0.993988037,RedDefault,92.827,84,0,42.1892929,Ended,1464.0,273.0,Wall
5,-0.00228881836,0.0122070313,-1.10731506,RedDefault,92.827,0,0,47.17476,Began,1867.0,183.0,Outside
5,-0.000640869141,0.00576782227,-0.977142334,RedDefault,92.827,1,0,47.20809,Stationary,1867.0,183.0,Outside
